Season,Week,Spread,Total,Under,Distance
2023,1,-4.5,45.5,1,0.0
2022,13,-4.5,45.5,0,0.0
2022,6,-4.5,45.5,1,0.0
2024,8,-5.0,45.5,1,0.5
2020,12,-5.0,45.0,1,0.7071067811865476
2022,5,-5.0,45.0,0,0.7071067811865476
2021,1,-4.0,45.0,1,0.7071067811865476
