Season,Week,Spread,Total,Under,Distance
2016,8,5.5,48.0,0,0.5
2022,3,6.0,47.5,1,0.5
2024,16,5.0,47.5,0,0.5
2021,13,5.0,47.5,1,0.5
2019,8,5.0,48.0,0,0.7071067811865476
2015,7,6.0,47.0,1,0.7071067811865476
2016,3,5.0,48.0,0,0.7071067811865476
