Season,Week,Spread,Total,Under,Distance
2023,9,-1.5,50.5,1,0.0
2024,7,-1.0,50.5,0,0.5
2018,11,-1.0,50.0,1,0.7071067811865476
2018,5,-1.0,50.0,0,0.7071067811865476
2020,7,-1.0,51.0,0,0.7071067811865476
2019,1,-1.0,51.0,1,0.7071067811865476
2020,4,-1.0,50.0,0,0.7071067811865476
