Season,Week,Spread,Total,Under,Distance
2021,15,-8.5,48.0,1,0.5
2019,4,-9.0,48.5,0,0.5
2019,15,-8.0,48.5,1,0.5
2020,7,-8.0,48.0,0,0.7071067811865476
2021,7,-8.0,48.0,1,0.7071067811865476
2017,4,-9.0,48.0,0,0.7071067811865476
2023,11,-8.0,48.0,0,0.7071067811865476
