Season,Week,Spread,Total,Under,Distance
2016,3,-1.5,51.5,1,0.0
2023,9,-1.5,51.5,1,0.0
2020,8,-1.5,52.0,1,0.5
2022,14,-2.0,51.5,0,0.5
2022,13,-1.0,51.0,0,0.7071067811865476
2019,1,-1.0,51.0,1,0.7071067811865476
2020,7,-1.0,51.0,0,0.7071067811865476
