Season,Week,Spread,Total,Under,Distance
2016,14,3.0,38.0,0,0.5
2015,17,3.5,37.5,1,0.5
2017,3,3.0,38.0,0,0.5
2021,16,2.5,37.5,1,0.5
2024,2,3.0,38.0,0,0.5
2024,7,2.5,37.0,0,0.7071067811865476
2023,16,2.5,38.0,0,0.7071067811865476
